first_name,last_name,email,middle_name
Alexis,Diaz,ardiaz66@yahoo.com,Renee
Sophia,Foster,sophiasfoster@aol.com,Sue
Tyler,Turner,t_turner@ymail.com,Michael
Emma,Rogers,emmarogers@yahoo.com,Ruth
Sophia,Powell,s.powell61@gmail.com,Lou
Isaac,Rogers,irrogers@ymail.com,Robert
Kayla,Coleman,kayla.i.coleman@live.com,Irene
Tyler,Kelly,tylerray@rocketmail.com,Ray
Taylor,Evans,t_evans@aol.com,Jane
Eleanor,Coleman,elcoleman@yahoo.com,Lynn
Haley,Sanchez,haleysanchez@hotmail.com,Jean
Erin,Johnson,erin_johnson48@yahoo.com,Grace
Kyle,Harris,kyle_d_harris@hotmail.com,David
Megan,Washington,megan.may.washington@yahoo.com,May
Joshua,Clark,joshuaclark60@rocketmail.com,Robert
David,Garcia,david_garcia2@ymail.com,George
Heather,Powell,heather.powell@live.com,Rose
Kimberly,Sanders,k_sanders@live.com,Jane
Dylan,Bennett,dylan.bennett@yahoo.com,John
Aubrey,Baker,a.m.baker@rocketmail.com,Marie
Joseph,Kelly,josephkelly@gmail.com,Wayne
Samuel,Coleman,samuel_j_coleman23@outlook.com,John
Stephen,James,stephen.james@live.com,Edward
Charles,Lopez,charleshlopez@gmail.com,Henry
Amanda,Ross,a_ross11@ymail.com,Mae
Victoria,Campbell,victoria.l.campbell@ymail.com,Lynn
Jasmine,Richardson,j.r.richardson@hotmail.com,Renee
Evelyn,Green,evelynrosegreen66@gmail.com,Rose
Nathan,Hernandez,nathan_hernandez@rocketmail.com,James
Stephanie,Simmons,s.k@aol.com,Kay
Adam,Wright,a_m_wright96@aol.com,Matthew
Victoria,Carter,vlcarter@yahoo.com,Lynn
Erin,Simmons,erin.simmons@rocketmail.com,Rose
Austin,Green,a.c29@yahoo.com,Charles
Jonathan,Murphy,jonathan_alan_murphy52@rocketmail.com,Alan
Eric,Hayes,eric.r.hayes57@hotmail.com,Richard
Joshua,Bennett,j.bennett@gmail.com,Edward
Sophia,Ross,sophiaross@gmail.com,Faith
Andrew,Lee,andrew_allen_lee@outlook.com,Allen
Kelsey,Roberts,kelseyreneeroberts2@live.com,Renee
Aiden,Simmons,a_simmons@aol.com,Robert
Henry,Hernandez,h_l_hernandez@ymail.com,Lee
Theodore,Lewis,talewis@outlook.com,Anthony
Robert,Young,robert_charles_young@rocketmail.com,Charles
Christina,Long,c.m.long65@rocketmail.com,May
Amelia,Perez,a.f@ymail.com,Faith
Kevin,Patterson,kevin@hotmail.com,Eugene
Mark,Cook,markalexandercook@aol.com,Alexander
Melissa,King,mlking@aol.com,Lynn
Samuel,Turner,samuelturner16@aol.com,Andrew
Sophia,Phillips,s.phillips5@gmail.com,Renee
Dylan,Powell,dylanallenpowell@live.com,Allen
Anthony,Jackson,ajackson16@live.com,Ray
James,Robinson,james_l_robinson@hotmail.com,Lee
Sean,Ramirez,sean.ramirez9@aol.com,Andrew
Kevin,Bennett,k_e_bennett@ymail.com,Eugene
Heather,Rodriguez,heatherrodriguez@hotmail.com,Michelle
Anthony,Murphy,anthonymurphy@ymail.com,Eugene
Benjamin,Morris,b_morris@aol.com,Francis
Brian,Long,b.e.long22@gmail.com,Edward
Brittany,Lee,brittany_s_lee94@aol.com,Sue
James,Diaz,james.diaz@yahoo.com,John
Rachel,Bryant,rachel@rocketmail.com,Irene
Zachary,Coleman,z.g.coleman@rocketmail.com,George
Emma,Ross,elross21@ymail.com,Lynn
Alexander,Bennett,alexander_bennett@ymail.com,Wayne
Katherine,Phillips,k.l.phillips@hotmail.com,Louise
Sarah,Martinez,s_martinez@live.com,Dawn
Taylor,Torres,taylor.l.torres@rocketmail.com,Louise
Brianna,Adams,b_m_adams@aol.com,Mae
Lauren,King,l.m@gmail.com,May
Lauren,Patterson,lgpatterson@hotmail.com,Grace
Megan,Bryant,megan_nicole_bryant@hotmail.com,Nicole
Sebastian,Brown,sd@outlook.com,David
Aiden,Howard,a_howard@ymail.com,David
Alexander,Torres,alexander_torres@live.com,Eugene
Thomas,Evans,t_evans@hotmail.com,Charles
Brian,Bell,b.a.bell@aol.com,Allen
Anna,Adams,a_adams@live.com,Lou
Brian,Hill,brian.joseph@outlook.com,Joseph
James,Robinson,james_robinson7@yahoo.com,Andrew
Jennifer,Moore,jmmoore@aol.com,May
Grace,Adams,g_adams@gmail.com,Michelle
Jeremy,Ward,jeremywilliam@gmail.com,William
Emily,Wilson,emily.r@rocketmail.com,Rose
Tyler,Moore,tyler_j_moore@live.com,James
Sebastian,Cook,sebastian.cook48@ymail.com,Allen
John,Morris,john.a@hotmail.com,Alan
Richard,Watson,r_f_watson@live.com,Francis
Jose,Cox,jose.w.cox@hotmail.com,William
Charles,Griffin,charles.george.griffin@outlook.com,George
Brandon,Green,b_green@aol.com,Edward
Christina,Jackson,christina@aol.com,Jean
Megan,Henderson,meganmayhenderson@aol.com,May
Samuel,Williams,sm@ymail.com,Michael
Isaac,James,isaactjames72@rocketmail.com,Thomas
Adam,Russell,adamdrussell@rocketmail.com,David
Nicole,Bryant,nfbryant@live.com,Faith
Joshua,Bennett,j.bennett@aol.com,Thomas
Julian,Brown,jbrown@ymail.com,Anthony
Owen,Bailey,owenj@rocketmail.com,Joseph
Tyler,Martinez,tmartinez78@hotmail.com,Alan
Matthew,Miller,memiller@outlook.com,Eugene
Justin,Cooper,jdcooper21@outlook.com,David
Isaac,Flores,imflores@outlook.com,Matthew
Brian,Perry,brian_perry24@hotmail.com,Joseph
Lillian,Hill,l_hill@live.com,Michelle
Owen,Hall,owen.hall@hotmail.com,Scott
Zachary,Adams,z_adams@aol.com,Charles
Sebastian,Bryant,smbryant@hotmail.com,Michael
Rebecca,Price,rmprice@rocketmail.com,May
Henry,Miller,h.miller54@hotmail.com,Edward
Stephanie,Sanchez,ssanchez@outlook.com,Elizabeth
Evelyn,Hall,evelynhall71@gmail.com,Jean
Gabriel,Perez,gabriel.perez@yahoo.com,Anthony
Samuel,Gonzales,swgonzales@rocketmail.com,William
Allison,Davis,allisonadavis@outlook.com,Anne
Owen,Brooks,owen_brooks@outlook.com,Allen
Natalie,Murphy,nr@aol.com,Renee
Chelsea,Coleman,c_d_coleman@aol.com,Dawn
Maria,Long,maria.long@hotmail.com,Nicole
Justin,Martinez,justin.martinez@yahoo.com,Anthony
Stephanie,Washington,stephanie_washington@live.com,Lou
Olivia,Williams,oliviawilliams@rocketmail.com,Mae
Owen,Hughes,o_d_hughes20@live.com,David
Allison,Morgan,allison@live.com,Lynn
Brittany,Diaz,brittany.r.diaz@ymail.com,Renee
Julian,Jones,julian.wayne.jones40@live.com,Wayne
Rebecca,Price,rebecca.price73@live.com,Sue
Henry,Cox,henry_j43@rocketmail.com,Joseph
Claire,Russell,c.j@hotmail.com,Jean
Elizabeth,Walker,ewalker@rocketmail.com,Margaret
Erin,Lewis,erinlewis@gmail.com,Mary
Alexandra,Morgan,alexandra.morgan@ymail.com,Mae
Elizabeth,Moore,e_d_moore@yahoo.com,Dawn
Ryan,Butler,rbutler@outlook.com,Richard
Brianna,Gonzales,brianna97@gmail.com,Dawn
Eric,Wilson,ericalan@yahoo.com,Alan
Aaron,Morris,aaron_francis_morris@live.com,Francis
Christopher,Phillips,c.phillips@outlook.com,David
Rebecca,Hughes,rebecca.r.hughes@ymail.com,Rose
Eric,Stewart,eric.f.stewart@rocketmail.com,Francis
Victoria,Martinez,victoria_elizabeth_martinez@live.com,Elizabeth
David,Lee,d_j_lee31@rocketmail.com,Joseph
Patrick,Simmons,p_r_simmons@outlook.com,Richard
Emily,Williams,e_williams@ymail.com,Anne
Alyssa,Foster,a_foster15@hotmail.com,Marie
Jonathan,Lopez,j.lopez@outlook.com,John
Mark,Ramirez,mark@yahoo.com,Francis
Rebecca,Jenkins,r.a.jenkins@ymail.com,Anne
Zachary,Alexander,z.alexander@hotmail.com,Joseph
Jessica,Moore,jessica_grace_moore@aol.com,Grace
Grace,Sanders,grace.sanders39@outlook.com,Kay
Emma,Young,e_young95@gmail.com,Grace
Jason,Parker,jason_charles_parker@live.com,Charles
Christina,Scott,c_scott73@aol.com,Renee
Matthew,Gray,m_gray@aol.com,Allen
Andrew,Brooks,andrew@aol.com,Joseph
Megan,Hernandez,megan.hernandez@hotmail.com,Kay
Robert,Cox,r_cox@ymail.com,Richard
Timothy,Carter,tcarter@outlook.com,David
Jessica,Baker,j_r28@yahoo.com,Rose
Kayla,Bailey,k_bailey67@rocketmail.com,Rose
Claire,Smith,c_m_smith@yahoo.com,May
Amelia,Coleman,amelia.coleman65@live.com,Anne
Kyle,Patterson,k_patterson@live.com,John
Justin,Reed,j_j_reed@live.com,Joseph
Joshua,James,jjames@ymail.com,Anthony
Timothy,Brown,timothy_alan_brown@rocketmail.com,Alan
Thomas,Thomas,td@yahoo.com,David
Daniel,Coleman,d_g_coleman8@outlook.com,George
Sofia,Mitchell,sofia_a_mitchell@yahoo.com,Ann
Rebecca,Howard,r.howard@ymail.com,Margaret
Jose,Ramirez,jm@hotmail.com,Michael
Kelsey,Howard,kelsey_may_howard@gmail.com,May
Adam,Edwards,adam.edwards@live.com,James
Sara,Lee,sara.lee@hotmail.com,Margaret
Chelsea,Griffin,chelsea.lynn.griffin@ymail.com,Lynn
Michael,Russell,m.russell@yahoo.com,Andrew
Charlotte,Adams,charlotte.f.adams@rocketmail.com,Faith
Kaitlyn,Russell,kaitlynann@gmail.com,Ann
Melissa,Smith,melissasmith@rocketmail.com,Faith
Jasmine,Ramirez,j.l89@live.com,Lee
Stephen,Walker,stephenwalker75@outlook.com,Ray
Alyssa,Patterson,alyssaepatterson16@gmail.com,Elizabeth
Kevin,Wright,k_w_wright@yahoo.com,Wayne
Theodore,White,t_f_white@live.com,Francis
Danielle,Evans,danielle_r_evans@hotmail.com,Renee
Nicole,Cox,nicole.anne.cox@ymail.com,Anne
Christina,Howard,christinasue@rocketmail.com,Sue
Jonathan,Moore,jmoore@rocketmail.com,Scott
Kayla,Foster,klfoster@hotmail.com,Lee
Katherine,Young,katherinel42@live.com,Louise
Emily,Campbell,e.r.campbell@hotmail.com,Rose
Brianna,Clark,bkclark@ymail.com,Kay
Tiffany,Hernandez,tiffany_m_hernandez@live.com,May
Aiden,Brooks,aidenrichardbrooks@aol.com,Richard
Katherine,Wilson,katherinel@yahoo.com,Lee
Abigail,Price,abigail_michelle@live.com,Michelle
Samuel,Allen,samuelallen@yahoo.com,Andrew
Alexandra,Bailey,a.r.bailey@outlook.com,Rose
Joshua,Ward,joshuaward@rocketmail.com,Thomas
Charlotte,Lee,c.lee@outlook.com,Marie
Natalie,Washington,natalie.washington@aol.com,Ruth
Richard,Bailey,richard_ray_bailey@ymail.com,Ray
Brandon,Bryant,brandonbryant@ymail.com,Lee
Jose,Taylor,j_taylor@ymail.com,Anthony
Aiden,Reed,aidenanthonyreed90@yahoo.com,Anthony
John,Nelson,john_richard_nelson@hotmail.com,Richard
Sofia,Perry,sperry@gmail.com,Mae
Audrey,Johnson,a_n_johnson@live.com,Nicole
Samantha,Wilson,samanthaannwilson@gmail.com,Ann
Olivia,Phillips,o.e.phillips@live.com,Elizabeth
Alexis,Bennett,a_e_bennett@yahoo.com,Elizabeth
Julian,Anderson,julian@outlook.com,Matthew
Ryan,Hernandez,ryan46@yahoo.com,Charles
Sebastian,Griffin,shgriffin@yahoo.com,Henry
Allison,Kelly,allison_kelly@outlook.com,Anne
Anthony,Nelson,anthonynelson44@hotmail.com,Richard
Oliver,Harris,o_e_harris@yahoo.com,Edward
Natalie,James,natalie_james28@live.com,Marie
Melissa,Howard,melissa@yahoo.com,Marie
Richard,Edwards,r.w.edwards@ymail.com,William
Chelsea,Wright,crwright@rocketmail.com,Renee
Maria,Martin,mkmartin@live.com,Kay
Kimberly,Gray,kimberly.gray@gmail.com,Ruth
James,Sanders,james.alexander.sanders@live.com,Alexander
Aiden,Barnes,abarnes@rocketmail.com,Scott
Anthony,Garcia,aj@ymail.com,James
Timothy,Thomas,t.thomas@live.com,Andrew
Nicholas,Smith,nsmith81@gmail.com,Charles
Amanda,Howard,a_howard@gmail.com,Lynn
Jessica,Martin,j_l_martin@aol.com,Louise
Rachel,Young,ryoung@rocketmail.com,Lynn
Heather,Martinez,heather.j52@live.com,Jean
Jasmine,Sanders,jasmine.rose.sanders18@aol.com,Rose
Benjamin,King,b.king@outlook.com,Richard
Grace,Mitchell,g_l_mitchell@ymail.com,Lynn
Lauren,Cox,lauren@hotmail.com,Jean
Timothy,Howard,t_j@aol.com,Joseph
Alexis,Williams,alexis_williams@outlook.com,Mae
Robert,Walker,robert_eugene_walker@gmail.com,Eugene
Isabella,Phillips,i.phillips@rocketmail.com,Renee
Eric,Taylor,e_e_taylor40@hotmail.com,Eugene
Jose,Ramirez,josescottramirez38@hotmail.com,Scott
John,Campbell,j.campbell@gmail.com,William
Stephanie,Baker,s_baker@rocketmail.com,Elizabeth
Jack,Sanders,jsanders@rocketmail.com,William
Richard,Davis,richardalandavis@gmail.com,Alan
Jasmine,Johnson,jjohnson@gmail.com,Lee
Eleanor,Jenkins,e.l.jenkins@live.com,Lou
Alexis,Scott,alexis_irene_scott68@live.com,Irene
Kayla,Rivera,k.m.rivera60@hotmail.com,May
Jason,Cooper,j_d_cooper@gmail.com,David
Ethan,Evans,eevans@rocketmail.com,Richard
Aubrey,Hall,a.r56@hotmail.com,Ruth
Andrew,Hill,andrew.m.hill51@live.com,Michael
Haley,Rodriguez,h_rodriguez@yahoo.com,Renee
Erin,Hill,erin_f_hill@yahoo.com,Faith
Kyle,King,k.m@live.com,Matthew
Victoria,Torres,victoria.may.torres@hotmail.com,May
Mark,Campbell,m_w@outlook.com,William
Henry,Thomas,henrythomas@rocketmail.com,William
Henry,Long,henry_alan_long@yahoo.com,Alan
Brandon,Washington,b_washington@rocketmail.com,Lee
Richard,Ross,r.ross@ymail.com,Michael
Adam,Torres,a.torres@outlook.com,Richard
Tyler,Roberts,t_roberts@rocketmail.com,Edward
Charles,Murphy,charles_r_murphy@live.com,Robert
Katherine,Davis,k.r.davis7@hotmail.com,Rose
Nicole,Mitchell,nicole_mitchell@gmail.com,Renee
Charlotte,Phillips,charlotterphillips50@ymail.com,Ruth
Victoria,Lopez,victoria_rose_lopez59@aol.com,Rose
Brian,Lewis,balewis5@rocketmail.com,Alexander
John,Hall,john.hall@gmail.com,Joseph
Isaac,Ward,i.ward22@ymail.com,Joseph
Isaac,Martinez,isaac.a.martinez@outlook.com,Anthony
Melissa,Clark,melissaclark66@hotmail.com,Lynn
Ashley,Morris,ashley_sue_morris@ymail.com,Sue
Courtney,Russell,courtney_marie@rocketmail.com,Marie
Jeremy,Smith,jsmith@live.com,Robert
Nicholas,Foster,n_m@aol.com,Matthew
Christina,Morris,christina_m@gmail.com,May
Audrey,Lee,audrey_lee@aol.com,Jean
Nathan,Hughes,nathan_hughes@yahoo.com,John
Patrick,Wright,patrick@yahoo.com,Robert
Alexis,Wilson,a.s.wilson@rocketmail.com,Sue
Sophia,Coleman,scoleman70@yahoo.com,May
Kevin,Smith,kevinmsmith@outlook.com,Michael
Dylan,Coleman,dylan.richard@gmail.com,Richard
Brianna,Hall,brianna.hall@aol.com,Anne
Ethan,Bell,ethan.bell7@ymail.com,Richard
Brandon,Roberts,b.roberts@outlook.com,Scott
Joshua,Carter,joshuarichardcarter@outlook.com,Richard
Erin,Ross,erinjross@ymail.com,Jane
Benjamin,Young,b.j.young@rocketmail.com,John
Benjamin,Garcia,bgarcia@ymail.com,Edward
Alexandra,Hughes,ahughes@aol.com,Margaret
Abigail,Hughes,abigail_hughes67@rocketmail.com,May
Lillian,Jenkins,lillian.ann.jenkins@live.com,Ann
Layla,Carter,layla.carter@hotmail.com,May
Amelia,Cook,ameliacook@live.com,May
Hannah,Rivera,hannah_m_rivera@rocketmail.com,Marie
Christina,Washington,christina_washington@gmail.com,May
Lillian,Rivera,l.l.rivera@yahoo.com,Louise
Oliver,Lee,o_lee@rocketmail.com,Alexander
Abigail,Anderson,a_m_anderson@ymail.com,Mae
Jeremy,Kelly,jeremy_g_kelly@rocketmail.com,George
Hannah,Foster,hrfoster@ymail.com,Rose
Jennifer,Garcia,jennifer_lou_garcia@gmail.com,Lou
Nicholas,Rodriguez,nicholas@rocketmail.com,Alan
Aaron,Clark,aaronjclark@live.com,John
Samantha,Washington,samantha.washington@aol.com,Irene
Evelyn,Perry,e.perry@hotmail.com,Ann
Owen,Bell,owenbell@rocketmail.com,James
Evelyn,Parker,evelyn@yahoo.com,Margaret
Zachary,Miller,zachary.l@aol.com,Lee
Andrew,Hall,andrew.j.hall@rocketmail.com,James
Courtney,Smith,courtney_l_smith@gmail.com,Louise
Joshua,Miller,joshua.miller@yahoo.com,George
Alexandra,Price,alprice@hotmail.com,Lou
Mary,Rivera,ma@aol.com,Anne
Ava,Phillips,ava.phillips43@yahoo.com,Grace
Lillian,Torres,l_m_torres@yahoo.com,Margaret
James,Torres,j.torres@ymail.com,Michael
Kayla,Miller,kmiller@gmail.com,Elizabeth
Isabella,Carter,isabellacarter88@aol.com,Lynn
Kayla,Phillips,kayla_phillips@aol.com,Jean
Brandon,Coleman,brandonacoleman@gmail.com,Alan
Chelsea,Perez,chelsea_perez89@hotmail.com,Mae
Kayla,Hernandez,khernandez@gmail.com,Jean
Sean,Phillips,sean_phillips44@live.com,Allen
Matthew,Diaz,m.m.diaz27@gmail.com,Matthew
Brittany,Bailey,brittany_jane_bailey@gmail.com,Jane
Alexis,Cooper,alexis.cooper@yahoo.com,Mae
Alexander,Diaz,a_j_diaz81@hotmail.com,Joseph
Timothy,Thomas,timothyjames@outlook.com,James
Stephanie,Ramirez,s_ramirez80@live.com,May
Layla,Walker,layla_s@live.com,Sue
Mateo,Martin,mateo_martin@live.com,Ray
Steven,Wood,steven.wood@ymail.com,John
Ashley,Watson,a_watson@yahoo.com,Faith
Anna,Edwards,anna.m.edwards@aol.com,Marie
Kayla,Washington,kayla_washington12@yahoo.com,Rose
Jennifer,Diaz,jmdiaz61@outlook.com,Michelle
Michelle,Johnson,mjohnson@rocketmail.com,Michelle
Benjamin,Thompson,benjaminedwardthompson@ymail.com,Edward
Michelle,Bennett,michellemarybennett@yahoo.com,Mary
Samantha,Turner,samanthaturner@outlook.com,Renee
Brian,Bailey,bbailey36@ymail.com,Matthew
Taylor,Russell,taylorrussell@yahoo.com,Ann
Aaron,Bell,aaron@live.com,Scott
Kelsey,Wright,kjwright@aol.com,Jane
Anthony,Murphy,a.murphy1@outlook.com,James
Sara,Reed,sereed@live.com,Elizabeth
Kelsey,Moore,kfmoore@gmail.com,Faith
Erin,Thompson,erin_thompson@gmail.com,Grace
Alexander,Flores,alexander.flores28@hotmail.com,Joseph
Andrew,Carter,andrewcarter10@hotmail.com,Eugene
Samantha,Cook,samantha_mary@hotmail.com,Mary
Mary,Jackson,mary_jackson@gmail.com,Sue
Jose,Martinez,jemartinez@hotmail.com,Eugene
Timothy,Baker,timothy_william_baker@rocketmail.com,William
Kaitlyn,Ramirez,kaitlynkayramirez36@hotmail.com,Kay
Claire,Scott,cescott@aol.com,Elizabeth
Alyssa,Robinson,a.robinson17@outlook.com,Mae
Haley,Foster,haleyfoster@live.com,Ann
Julian,Russell,j_l_russell@hotmail.com,Lee
David,King,d_a_king30@outlook.com,Anthony
Ashley,Lee,ashley_jean@yahoo.com,Jean
Olivia,Hernandez,oahernandez@outlook.com,Anne
Sean,Flores,s_e@rocketmail.com,Edward
Alyssa,Cox,alyssa_cox@aol.com,May
Zachary,Peterson,z.j@aol.com,John
Mary,Bryant,mary.e.bryant@yahoo.com,Elizabeth
Daniel,Hayes,danielcharleshayes@gmail.com,Charles
Lauren,Jackson,lm@aol.com,May
Alyssa,Parker,alyssagparker53@live.com,Grace
Mark,Brown,mark@hotmail.com,Ray
Stephen,Carter,s_carter@ymail.com,Anthony
Alyssa,Collins,a_collins@live.com,Mae
Rachel,Hayes,rachelhayes@ymail.com,Margaret
Evelyn,Griffin,evelyn_l_griffin@aol.com,Lynn
Matthew,Murphy,m.murphy@outlook.com,William
Brianna,Ward,bmward@outlook.com,Mae
Timothy,Morgan,timothy_morgan@ymail.com,Andrew
Alexander,Lopez,a_lopez@hotmail.com,Alexander
Jeremy,Baker,jeremylbaker53@yahoo.com,Lee
Brittany,Bell,blbell@rocketmail.com,Louise
Amber,Martinez,a.i.martinez@live.com,Irene
Alyssa,Young,alyssa.r.young@gmail.com,Ruth
Jennifer,Jackson,j.a.jackson@yahoo.com,Ann
Kyle,Hayes,k_w_hayes@yahoo.com,Wayne
Robert,Campbell,robertjcampbell@aol.com,John
Michelle,Wright,m_r_wright@aol.com,Renee
Taylor,Powell,tr@outlook.com,Renee
Eleanor,Nelson,eleanor.g@aol.com,Grace
Oliver,Johnson,odjohnson@gmail.com,David
Grace,Rivera,g_rivera@hotmail.com,Elizabeth
Hannah,Phillips,hannah.mary.phillips@yahoo.com,Mary
Chelsea,Brown,chelsealoubrown35@aol.com,Lou
Oliver,Garcia,o_garcia@yahoo.com,Robert
Danielle,Cook,danielle.dawn.cook75@yahoo.com,Dawn
Henry,Morgan,henry@ymail.com,Thomas
Nicholas,Rodriguez,nicholasrodriguez@outlook.com,Joseph
Adam,Lopez,a_d@yahoo.com,David
Nathan,Rogers,nrogers@hotmail.com,Henry
Lillian,Alexander,l_alexander50@outlook.com,Dawn
Emily,Jackson,e.jackson@hotmail.com,May
Henry,Cook,hcook79@hotmail.com,Eugene
Taylor,Taylor,taylor_anne_taylor@rocketmail.com,Anne
Jack,Griffin,j_griffin77@aol.com,Edward
Allison,Lewis,allison_irene55@outlook.com,Irene
Austin,Thomas,a_e_thomas52@rocketmail.com,Edward
Alexander,Ross,a_l_ross@hotmail.com,Lee
Stephen,Turner,s.f@rocketmail.com,Francis
Kelsey,Peterson,kelseyanne@rocketmail.com,Anne
Rachel,Clark,rclark@live.com,Louise
Brian,Turner,b_h_turner@hotmail.com,Henry
Kelsey,Hernandez,kelseyhernandez@hotmail.com,Rose
Nicholas,Ramirez,n.s.ramirez@gmail.com,Scott
Charles,Perez,c.r.perez@live.com,Richard
Jason,Long,jason_long@aol.com,Thomas
Alyssa,Torres,alyssa_l_torres37@gmail.com,Lee
Tiffany,Price,t.g.price72@gmail.com,Grace
Alexandra,Johnson,alexandra_m_johnson48@outlook.com,Mae
Alexander,Garcia,a.d.garcia67@ymail.com,David
Richard,Russell,r.l.russell@rocketmail.com,Lee
Oliver,Nelson,oliver_francis_nelson@outlook.com,Francis
Timothy,Long,timothylong@yahoo.com,Charles
Joseph,Lopez,j.lopez@yahoo.com,Lee
Haley,Lee,h.m.lee@live.com,May
Olivia,Campbell,olivia_ann@live.com,Ann
Kelsey,Campbell,klcampbell@yahoo.com,Lou
Danielle,Garcia,danielle.garcia@yahoo.com,May
Ryan,Simmons,r_simmons52@live.com,Joseph
Allison,Turner,allisonlouturner@aol.com,Lou
John,Gray,john.matthew.gray50@yahoo.com,Matthew
Joshua,Miller,jd@yahoo.com,David
Alexandra,Martinez,almartinez@yahoo.com,Lee
Michelle,Murphy,michelle_m2@live.com,Mary
Claire,Martin,c.r.martin@rocketmail.com,Renee
Richard,Brooks,richard_brooks@live.com,Robert
Mateo,Parker,mateo.m.parker13@outlook.com,Michael
Rebecca,Brown,rsbrown@ymail.com,Sue
Mark,Griffin,markdavidgriffin@aol.com,David
John,Russell,john_michael16@aol.com,Michael
Olivia,Reed,oliviaareed@ymail.com,Ann
Isabella,Cooper,isabellarcooper@live.com,Renee
Timothy,Morgan,t.morgan@live.com,Andrew
Joshua,Garcia,j_s_garcia@aol.com,Scott
Sophia,Jackson,sophia_jackson@hotmail.com,Jean
Dylan,Campbell,d.campbell@yahoo.com,Eugene
Maria,White,maria_may_white34@outlook.com,May
Julian,Parker,j.parker59@gmail.com,Henry
Jose,Torres,jose_torres@live.com,Robert
Mateo,Reed,m_reed31@yahoo.com,Scott
Olivia,Ramirez,olivia_ramirez@gmail.com,Michelle
Richard,Cook,r.cook@gmail.com,John
Brianna,Young,brianna.j.young18@rocketmail.com,Jean
Steven,Patterson,steven_patterson85@ymail.com,Anthony
John,Harris,john.joseph.harris61@gmail.com,Joseph
Steven,Flores,s.d.flores@live.com,David
Amanda,Thomas,amanda_m_thomas49@outlook.com,Marie
Steven,Adams,sj@aol.com,John
Jasmine,Adams,jasmine_adams@hotmail.com,Jean
John,Diaz,j_diaz@aol.com,Charles
Melissa,Henderson,melissam@outlook.com,Michelle
Victoria,Baker,vbaker@rocketmail.com,Sue
Mateo,Collins,mjcollins16@aol.com,John
Robert,Coleman,r.a.coleman27@live.com,Alan
Heather,Alexander,h.alexander@outlook.com,Renee
Rebecca,Moore,r_f_moore@gmail.com,Faith
Anna,Wood,anna_wood91@live.com,Lee
Courtney,Lewis,courtneylynnlewis@outlook.com,Lynn
Lillian,Wilson,lillian_margaret@rocketmail.com,Margaret
Brandon,Sanchez,b_j_sanchez@outlook.com,James
Kevin,Jenkins,kevin_jenkins@aol.com,Thomas
Grace,Stewart,grace@outlook.com,Lee
Austin,Perez,austin_w@live.com,Wayne
Kelsey,Ramirez,kelsey@gmail.com,Faith
Zachary,Davis,zachary_robert_davis@yahoo.com,Robert
Olivia,Moore,olivia_m_moore@yahoo.com,Margaret
Tyler,Watson,tyler_a_watson@aol.com,Allen
Dylan,Cox,dylan.alan.cox@yahoo.com,Alan
William,Martinez,williammartinez58@yahoo.com,Joseph
Michelle,Coleman,michelle.coleman@rocketmail.com,Jean
Lauren,Morgan,lauren_morgan@yahoo.com,Jean
Christopher,Flores,c_flores@hotmail.com,Wayne
Tyler,Henderson,tyler.henderson@yahoo.com,Joseph
Taylor,Adams,tayloradams@yahoo.com,Lynn
Laura,James,lrjames61@yahoo.com,Renee
Aubrey,Hill,a.hill38@yahoo.com,Marie
Sarah,Flores,s.d.flores@yahoo.com,Dawn
Kimberly,Collins,kimberly_faith_collins@rocketmail.com,Faith
Michael,Gray,michaeldavidgray67@live.com,David
Henry,Thomas,h.a@aol.com,Alan
Patrick,Moore,patricktmoore26@live.com,Thomas
Audrey,Morris,amorris@outlook.com,Michelle
Katherine,Griffin,k_m_griffin@hotmail.com,Mary
Sara,Ramirez,sara_r_ramirez@rocketmail.com,Renee
Danielle,Hayes,daniellehayes@live.com,Rose
Adam,Johnson,a.s.johnson5@live.com,Scott
Amber,Cook,amberruth@outlook.com,Ruth
Gabriel,King,g_king92@aol.com,Charles
Christina,Kelly,christina_michelle_kelly@rocketmail.com,Michelle
Jonathan,Harris,jonathanrharris@rocketmail.com,Richard
Kyle,Hayes,k_w_hayes@gmail.com,Wayne
Christopher,Wright,cawright@live.com,Allen
Mark,Walker,m.j.walker@rocketmail.com,Joseph
Julian,Ross,julian.ross@live.com,Allen
Robert,Rodriguez,rrodriguez@aol.com,Anthony
Sarah,Phillips,sarahphillips34@ymail.com,Lynn
Henry,Gray,henry.robert.gray@yahoo.com,Robert
Jonathan,Mitchell,jonathan.a@gmail.com,Allen
Brittany,Peterson,brittany_l_peterson@hotmail.com,Lee
James,Harris,j.harris@rocketmail.com,Joseph
Anna,Howard,a_r_howard@rocketmail.com,Ruth
Charlotte,Gonzales,charlotte_g_gonzales@aol.com,Grace
Robert,Lee,robert_lee@yahoo.com,Wayne
Nathan,Edwards,nathan.edwards@hotmail.com,Edward
Sebastian,Sanchez,ssanchez@outlook.com,Scott
Erin,Campbell,erin.k@outlook.com,Kay
Haley,Hall,hmhall37@ymail.com,Mae
Mary,Watson,mary_watson@yahoo.com,Nicole
Michael,Robinson,m_d_robinson@gmail.com,David
Robert,Adams,robertadams@aol.com,Robert
Ethan,Cook,e.cook@hotmail.com,Allen
Sean,Thomas,sean@aol.com,William
Kyle,Sanchez,k.sanchez@rocketmail.com,Thomas
Jeremy,Morris,j_morris@live.com,George
Kevin,Lopez,k_lopez@yahoo.com,Scott
Jack,Morris,j_c_morris@rocketmail.com,Charles
Joshua,Lopez,j.r.lopez@outlook.com,Richard
Lauren,King,l_m_king@hotmail.com,May
Anna,Long,a_long@hotmail.com,Lee
Alyssa,Thomas,a.m.thomas@aol.com,May
Kayla,Sanchez,kayla.a.sanchez@ymail.com,Anne
Aubrey,Rivera,a_rivera@gmail.com,Margaret
Amanda,Hernandez,arhernandez@hotmail.com,Ruth
Mateo,Allen,mateo.eugene79@outlook.com,Eugene
Layla,Phillips,layla.phillips31@gmail.com,Margaret
Taylor,Roberts,tmroberts@live.com,Mae
Emma,Edwards,e_j_edwards48@yahoo.com,Jean
Anthony,Powell,a.powell@outlook.com,Edward
Audrey,Taylor,a_i_taylor98@hotmail.com,Irene
Oliver,Price,oliver_price@yahoo.com,Richard
Theodore,Rodriguez,t_r_rodriguez@aol.com,Richard
David,Parker,d_w77@outlook.com,Wayne
Courtney,Rivera,courtney.rivera82@hotmail.com,Louise
Rebecca,Moore,rmoore55@yahoo.com,Faith
Eric,Campbell,eric.matthew@rocketmail.com,Matthew
Courtney,Lee,c_lee3@rocketmail.com,Renee
Jose,Hughes,jose.m.hughes@hotmail.com,Michael
Elizabeth,Perez,elizabeth@hotmail.com,Grace
Layla,Allen,l_d_allen@hotmail.com,Dawn
James,Diaz,jamesdiaz@outlook.com,Ray
Layla,Cox,l_cox53@yahoo.com,Faith
Nathan,White,ngwhite@aol.com,George
William,Torres,w_d_torres@rocketmail.com,David
Tiffany,Nelson,tiffany_may@yahoo.com,May
Nicole,Garcia,n_a_garcia@outlook.com,Anne
Natalie,Reed,nataliemayreed@live.com,May
Jack,Foster,j_foster19@live.com,Wayne
Zachary,King,zaking74@outlook.com,Alexander
Dylan,Davis,dylanmdavis@live.com,Michael
Owen,Campbell,o.e.campbell@aol.com,Edward
Alexis,Collins,alexisrcollins@yahoo.com,Ruth
James,Taylor,james_taylor@hotmail.com,Joseph
Maria,Perry,maria_i_perry@rocketmail.com,Irene
Michael,Brooks,mw@ymail.com,Wayne
Stephen,Flores,s_g_flores@rocketmail.com,George
James,Campbell,jcampbell@outlook.com,Thomas
Ryan,Thompson,ryancharlesthompson@rocketmail.com,Charles
Justin,Thomas,jthomas32@aol.com,John
Erin,Garcia,e.a.garcia@live.com,Anne
Eric,Bell,e_j_bell@ymail.com,Joseph
Timothy,Martin,tamartin@ymail.com,Alan
Steven,Baker,s.r@hotmail.com,Ray
Samuel,Allen,sallen@gmail.com,Richard
Sophia,Griffin,sophiamarygriffin@aol.com,Mary
Gabriel,Torres,gr@ymail.com,Richard
Melissa,Brooks,m.f.brooks36@rocketmail.com,Faith
Ethan,Sanders,ethan@ymail.com,James
Tyler,Allen,t_c_allen60@hotmail.com,Charles
Matthew,Hayes,m_hayes71@ymail.com,Robert
Sebastian,Howard,sebastian.howard@yahoo.com,Wayne
Anthony,Walker,anthony.w46@aol.com,Wayne
Isabella,Lopez,isabellalopez77@hotmail.com,Ann
Christopher,Walker,c.walker21@gmail.com,Joseph
Brian,Lewis,b.f.lewis@live.com,Francis
Alexander,Rogers,a.j64@ymail.com,Joseph
Jonathan,Anderson,j_f@live.com,Francis
Jasmine,Lewis,j.lewis70@aol.com,Faith
Steven,Young,s_a_young@outlook.com,Alexander
Theodore,Washington,theodore97@live.com,Alexander
Anna,Howard,anna_m_howard@outlook.com,Mae
Jack,Russell,jack_s_russell4@hotmail.com,Scott
Megan,Patterson,megan.i.patterson71@outlook.com,Irene
Aaron,Powell,apowell@live.com,Alan
Grace,Campbell,g_m@gmail.com,May
Henry,Williams,henry_alexander@gmail.com,Alexander
Kelsey,Robinson,krrobinson@rocketmail.com,Ruth
Brianna,Carter,b_e_carter90@ymail.com,Elizabeth
Mateo,Bailey,mateow@rocketmail.com,William
Kaitlyn,Watson,kaitlynwatson@ymail.com,Dawn
Oliver,Reed,oliver_reed@rocketmail.com,Allen
Oliver,Watson,oliver.william.watson@outlook.com,William
Emma,Miller,e_m_miller@live.com,May
Brittany,Ward,brittanyrenee@live.com,Renee
Joshua,Parker,j.m.parker@hotmail.com,Matthew
Gabriel,Barnes,gabriel_francis_barnes93@outlook.com,Francis
Joseph,Gonzales,josephs@rocketmail.com,Scott
Jose,Hughes,j_d_hughes@ymail.com,David
Audrey,Scott,audreymichellescott@live.com,Michelle
Owen,Smith,o.w.smith@ymail.com,Wayne
Emma,Hill,e_hill@yahoo.com,May
James,Cook,james.cook@hotmail.com,Michael
Sophia,Bennett,s_a@aol.com,Anne
Joseph,Murphy,j_w@outlook.com,Wayne
William,Phillips,w_j_phillips@hotmail.com,Joseph
Erin,Murphy,e_r_murphy@aol.com,Renee
Victoria,Bell,vbell@aol.com,Michelle
Mateo,Simmons,m.r2@yahoo.com,Richard
Kyle,Perez,kyle.henry45@yahoo.com,Henry
Sarah,Cox,s_m_cox22@hotmail.com,Michelle
Theodore,White,t.white@aol.com,Francis
Jonathan,Perez,jperez26@yahoo.com,Matthew
Stephen,Flores,s.flores@aol.com,Allen
Jonathan,Wood,jonathan_scott_wood@ymail.com,Scott
Samuel,Evans,samuel79@rocketmail.com,Matthew
Nathan,Russell,n_russell@yahoo.com,Edward
Brian,Wood,brian_michael_wood83@yahoo.com,Michael
Jason,Anderson,jason_s_anderson@gmail.com,Scott
Andrew,Roberts,andrew_roberts@yahoo.com,William
Alyssa,Price,alyssa.marie.price@yahoo.com,Marie
Allison,Mitchell,a_j_mitchell66@rocketmail.com,Jane
Jeremy,Howard,jeremy@rocketmail.com,Ray
Nicholas,Brooks,n_brooks@outlook.com,Wayne
Sebastian,Edwards,s.e.edwards@live.com,Edward
Stephen,Walker,stephenwalker@gmail.com,Andrew
Melissa,Wright,mwright@aol.com,Louise
Daniel,Perez,danielsperez@hotmail.com,Scott
Sebastian,Brown,sebastian_edward_brown26@yahoo.com,Edward
John,Walker,john.walker@rocketmail.com,Edward
Rebecca,Watson,rebecca.irene.watson22@hotmail.com,Irene
Justin,Foster,j.a.foster70@outlook.com,Allen
Abigail,Hayes,alhayes@live.com,Louise
Courtney,Perez,courtney.michelle.perez@hotmail.com,Michelle
David,Mitchell,d.a.mitchell@ymail.com,Alexander
Amanda,Murphy,amandamurphy18@hotmail.com,Dawn
Hannah,Scott,hannahmscott@aol.com,May
Michelle,Howard,m.howard@gmail.com,May
Michelle,Alexander,m.a.alexander87@gmail.com,Ann
Ryan,Diaz,r.a.diaz@yahoo.com,Anthony
Alexandra,Perez,ak@aol.com,Kay
Tiffany,Torres,tiffany.torres@live.com,Lou
Alexandra,Ward,a_l_ward@live.com,Lynn
Richard,Young,r.young@yahoo.com,William
Thomas,Henderson,thomas_alexander_henderson@ymail.com,Alexander
Kevin,Hughes,kevindavidhughes@live.com,David
Jessica,Clark,jessicamaeclark@yahoo.com,Mae
Jose,Campbell,josescottcampbell@ymail.com,Scott
Olivia,Rodriguez,o_s_rodriguez@live.com,Sue
Mateo,Henderson,mhenderson53@rocketmail.com,John
Laura,Powell,l.i.powell@yahoo.com,Irene
Kevin,Griffin,km@rocketmail.com,Matthew
Taylor,Coleman,taylor@rocketmail.com,Lee
Isaac,Russell,isaac_w@rocketmail.com,William
Kelsey,Campbell,kcampbell93@aol.com,Kay
Layla,Robinson,layla_a_robinson@rocketmail.com,Ann
Brian,Morgan,brianalexandermorgan@ymail.com,Alexander
Lillian,Nelson,lanelson@ymail.com,Ann
Michael,Garcia,m.w.garcia54@rocketmail.com,William
Theodore,Sanders,t.w.sanders@aol.com,William
Mateo,Watson,mateorwatson@gmail.com,Ray
Eric,Gray,egray54@aol.com,Thomas
Lauren,Hernandez,lauren.jean.hernandez@outlook.com,Jean
Steven,Allen,s_allen@aol.com,Alexander
Samantha,Rivera,samantharivera@live.com,Jean
Tiffany,Parker,tiffanyparker@ymail.com,May
Danielle,Green,danielle.green14@ymail.com,Lee
Alexis,Rodriguez,am@yahoo.com,May
Jason,Butler,js@rocketmail.com,Scott
Eleanor,Taylor,eleanor_lynn_taylor@outlook.com,Lynn
Abigail,Kelly,abigailkelly@rocketmail.com,Anne
Lauren,Thomas,l_m@hotmail.com,May
Taylor,Wilson,taylorann27@hotmail.com,Ann
Eleanor,Roberts,e.i94@aol.com,Irene
Ashley,Wood,aj@ymail.com,Jean
Anthony,Cooper,a.cooper@live.com,Robert
Emily,Moore,emoore@rocketmail.com,Mary
Richard,Clark,r.f.clark@outlook.com,Francis
Kelsey,Clark,k.clark30@live.com,Faith
Joseph,Bell,j.bell4@ymail.com,Scott
Michael,Flores,mflores@live.com,Matthew
Aaron,Powell,aaron_powell@ymail.com,George
Amber,Long,am@ymail.com,May
Zachary,Hernandez,zachary.michael.hernandez15@yahoo.com,Michael
Grace,Davis,g.m.davis@aol.com,Mae
Danielle,Powell,danielle.e.powell35@live.com,Elizabeth
Emily,Butler,emilyjbutler@ymail.com,Jane
Alexander,Allen,aallen@live.com,Wayne
Mark,Henderson,mark.wayne.henderson81@rocketmail.com,Wayne
Brianna,Nelson,brianna_m_nelson72@ymail.com,Margaret
Megan,Brown,megan.brown@hotmail.com,May
Abigail,Patterson,abigail.mae.patterson@ymail.com,Mae
Dylan,Davis,dmdavis@ymail.com,Michael
Anna,Miller,annamary@live.com,Mary
Amber,Brown,albrown@rocketmail.com,Louise
Kimberly,Jackson,km@gmail.com,Michelle
Jack,Roberts,j_roberts18@aol.com,Charles
Maria,Flores,m_l_flores30@live.com,Louise
Erin,Gray,erin_renee_gray@gmail.com,Renee
Nathan,Rogers,nathan.rogers73@gmail.com,William
Joshua,Taylor,j_a_taylor95@aol.com,Anthony
Aaron,Butler,a_t_butler@aol.com,Thomas
Anthony,Gonzales,anthonyfgonzales@hotmail.com,Francis
Amber,Alexander,aalexander@yahoo.com,Nicole
Amanda,Jones,ajones42@outlook.com,Renee
John,Mitchell,j.mitchell@yahoo.com,Charles
Kaitlyn,Smith,kaitlynm@gmail.com,Mae
Stephanie,Walker,stephaniemwalker78@yahoo.com,Mary
Joseph,Hall,joseph@gmail.com,Robert
Olivia,Torres,olivia.r.torres@aol.com,Renee
Adam,Anderson,a_a_anderson@aol.com,Anthony
Kyle,Robinson,kmrobinson@ymail.com,Matthew
Evelyn,Barnes,evelyn.barnes@gmail.com,Mary
Patrick,James,p_james50@hotmail.com,Alan
Aaron,Howard,a_w_howard@outlook.com,Wayne
David,Alexander,d.alexander36@gmail.com,Eugene
Grace,Davis,gsdavis@gmail.com,Sue
Kelsey,Morgan,kelsey.morgan@live.com,Grace
Henry,Griffin,h_griffin@ymail.com,Allen
Aiden,Thomas,a.thomas@gmail.com,Lee
Olivia,Hall,om@hotmail.com,Mae
Sarah,Roberts,sarah@ymail.com,May
Audrey,Reed,areed@outlook.com,Michelle
Alyssa,King,alyssaking@yahoo.com,May
Heather,Roberts,heather_roberts@outlook.com,Elizabeth
Gabriel,Miller,g.a.miller@outlook.com,Andrew
Danielle,Wright,danielle_ruth_wright@outlook.com,Ruth
Austin,Diaz,adiaz@live.com,Alexander
David,Butler,d.a.butler@outlook.com,Alexander
Michael,King,m.j.king@gmail.com,Joseph
Joshua,Miller,joshua_anthony@outlook.com,Anthony
Isabella,Alexander,ialexander@outlook.com,Jane
Amanda,Turner,aturner@ymail.com,Jane
Joshua,Long,j.d.long@outlook.com,David
Jasmine,Perez,jasminemayperez@outlook.com,May
Sean,Sanders,s_j_sanders98@live.com,Joseph
Andrew,Cook,acook@live.com,Alan
Sarah,Butler,sabutler@aol.com,Ann
Heather,Butler,heatherbutler@gmail.com,Margaret
Timothy,Jenkins,timothy.r.jenkins@live.com,Richard
Joseph,Harris,josephdharris55@gmail.com,David
Benjamin,James,b_e_james71@live.com,Edward
Melissa,Johnson,m.johnson@yahoo.com,Jean
Claire,Torres,claire_torres@aol.com,May
Amber,Bryant,amber_bryant@ymail.com,Lee
Rachel,Butler,r_m_butler@aol.com,Mary
Jasmine,Wright,j_wright@gmail.com,Jean
Mateo,Stewart,mateo_matthew_stewart@rocketmail.com,Matthew
Chelsea,Perry,chelsealperry@rocketmail.com,Lou
Joshua,Parker,joshua@gmail.com,Anthony
Nathan,Scott,nathan.alan.scott@rocketmail.com,Alan
Samantha,Washington,sr@yahoo.com,Renee
Isabella,Morris,isabella.morris@outlook.com,Grace
Anthony,Thompson,anthonythompson@outlook.com,Michael
Stephen,Gonzales,stephen_gonzales@ymail.com,Thomas
Michael,Ramirez,michaelramirez@ymail.com,William
David,Peterson,d_peterson@aol.com,Edward
Amber,Barnes,amber.j.barnes@gmail.com,Jane
Jeremy,Washington,j.e.washington@ymail.com,Eugene
Claire,Wright,c_m_wright@rocketmail.com,Mae
Rebecca,Gray,rebecca.l.gray@gmail.com,Lou
Jason,Simmons,jason_wayne@aol.com,Wayne
Victoria,Martinez,v.l@live.com,Lou
Isabella,Green,i.m.green@aol.com,Marie
Sean,Scott,s_s@rocketmail.com,Scott
Natalie,White,nataliemwhite48@gmail.com,Mary
Jose,James,j.james@ymail.com,William
Olivia,Hayes,olivia43@yahoo.com,Mary
Adam,Moore,adam_c_moore@rocketmail.com,Charles
Oliver,Parker,oliver.parker@gmail.com,Michael
Benjamin,Martinez,b.e.martinez@aol.com,Eugene
Melissa,Martin,melissanicole@yahoo.com,Nicole
Eric,Jones,eh@outlook.com,Henry
Aiden,Martin,a_martin@live.com,Henry
Isabella,Griffin,i_m@outlook.com,May
Jeremy,Flores,j_r34@live.com,Robert
Elizabeth,Long,e_long@rocketmail.com,Louise
Erin,Gonzales,erinjanegonzales@gmail.com,Jane
Lauren,Walker,lauren_walker@aol.com,May
Lillian,Perez,lnperez@rocketmail.com,Nicole
Mateo,Edwards,mateo@aol.com,Charles
Jack,Young,j.r.young@rocketmail.com,Ray
Brittany,Perez,b.perez@rocketmail.com,Ruth
Abigail,Griffin,abigail_griffin@outlook.com,Rose
Danielle,Rodriguez,daniellereneerodriguez83@live.com,Renee
Benjamin,Phillips,benjaminphillips@gmail.com,Robert
William,Sanders,william_sanders@gmail.com,Thomas
Jessica,Martinez,jessica@yahoo.com,May
Michael,Reed,mreed@hotmail.com,Richard
Sara,Rivera,sara.grace@rocketmail.com,Grace
Hannah,Edwards,hredwards@gmail.com,Renee
Hannah,Ward,h_l_ward@live.com,Louise
Jack,Scott,j_scott@rocketmail.com,Edward
Natalie,Bell,natalieleebell@live.com,Lee
Hannah,Gray,h.gray@aol.com,Grace
Stephen,Price,s_e_price@gmail.com,Eugene
Michael,Gray,m_gray@aol.com,William
John,Rodriguez,jrodriguez@live.com,Charles
Audrey,Perez,audrey.perez84@rocketmail.com,Kay
Lillian,Clark,lillian_l@ymail.com,Lynn
Sara,Jones,sara.jones82@hotmail.com,Irene
Joseph,Watson,jwatson@live.com,Andrew
Jeremy,Roberts,jeremy.roberts@gmail.com,Francis
Audrey,Parker,audrey_parker@ymail.com,Marie
Kelsey,Taylor,kelsey.rose.taylor@gmail.com,Rose
Timothy,Simmons,timothy@outlook.com,Michael
Eleanor,Cox,eleanorjanecox@live.com,Jane
Tiffany,Baker,t_baker47@ymail.com,Sue
Amber,Henderson,akhenderson23@yahoo.com,Kay
Haley,Griffin,hgriffin39@aol.com,Lou
Lauren,Washington,laurenmarywashington@gmail.com,Mary
Haley,Murphy,haley_k_murphy@live.com,Kay
Amber,Smith,ambersmith@gmail.com,Kay
Maria,Gonzales,m.gonzales@gmail.com,Renee
Rachel,Hughes,rachel_hughes@outlook.com,Lou
Oliver,Watson,o_g_watson75@ymail.com,George
Isabella,Wood,isabellawood@gmail.com,Michelle
Ethan,Young,e_young76@yahoo.com,Anthony
Heather,Johnson,hjohnson@ymail.com,Dawn
Samantha,Taylor,samantha5@outlook.com,Kay
Joshua,Perry,joshua_lee_perry@live.com,Lee
Thomas,Perez,thomas.james.perez@gmail.com,James
Ava,Gray,ava_mae_gray@gmail.com,Mae
Alyssa,Patterson,a_patterson@live.com,Irene
Aubrey,Watson,aubrey_n_watson@outlook.com,Nicole
Aiden,Moore,a_moore@live.com,Henry
Grace,Phillips,gracel37@gmail.com,Louise
John,Nelson,john_nelson@live.com,Charles
Rebecca,Diaz,r.diaz14@hotmail.com,Jean
Anthony,Smith,a.smith@ymail.com,Robert
Natalie,Kelly,nataliekelly60@hotmail.com,Faith
Charles,Green,charlesagreen@aol.com,Alexander
Erin,Ward,erin.ward@aol.com,Ann
Samuel,Carter,sacarter@ymail.com,Allen
Megan,Coleman,m.coleman@aol.com,Elizabeth
Kaitlyn,Martinez,kaitlyn_martinez20@ymail.com,Dawn
Henry,White,h.g@gmail.com,George
Courtney,Washington,courtneyrosewashington@ymail.com,Rose
Richard,Foster,richard_r@ymail.com,Robert
Layla,Lewis,l_n@live.com,Nicole
Nathan,Hayes,n.hayes13@live.com,Anthony
Sean,Ward,sfward57@aol.com,Francis
Danielle,Thompson,d_m@aol.com,Mae
Kevin,Watson,kevinwatson@hotmail.com,Alexander
Katherine,Hughes,k.hughes@live.com,Jane
Richard,Alexander,richard@ymail.com,Scott
Jonathan,Mitchell,jmitchell75@rocketmail.com,Edward
William,Carter,w.m.carter23@yahoo.com,Michael
Mark,Torres,m.j.torres@yahoo.com,John
Evelyn,Hall,e.hall22@aol.com,Jane
Charles,Bell,c.bell@hotmail.com,Henry
David,Smith,d_smith@yahoo.com,Scott
Michelle,Robinson,michelle.m.robinson@ymail.com,Mary
Christina,Brown,christina_irene_brown32@outlook.com,Irene
Henry,Lopez,h_f_lopez@gmail.com,Francis
Anna,Diaz,adiaz@hotmail.com,Mary
Tyler,Allen,tyler.allen@live.com,Matthew
Sarah,Bell,s.r.bell@ymail.com,Renee
Samantha,Jones,samantham@live.com,Margaret
Audrey,Rogers,al@live.com,Lynn
Michael,Perez,michael_j@gmail.com,James
Michael,Moore,m_moore@live.com,Robert
Taylor,Parker,t_parker@aol.com,Anne
Kelsey,Williams,k_e_williams40@rocketmail.com,Elizabeth
James,Baker,j.m@aol.com,Matthew
Sebastian,Wright,smwright@hotmail.com,Michael
Jessica,Campbell,jessica.campbell@yahoo.com,Marie
Laura,Miller,laura_n@yahoo.com,Nicole
Amber,Ross,amber.ross@yahoo.com,Renee
Thomas,Hughes,thomasahughes@yahoo.com,Allen
Brian,Perez,bperez92@aol.com,Francis
Eric,Walker,ericwalker32@live.com,Richard
Sebastian,Ramirez,sebastian.allen@rocketmail.com,Allen
Jennifer,Hill,j.hill@ymail.com,Michelle
Sara,Miller,s_miller@aol.com,Renee
Emma,Robinson,errobinson@gmail.com,Ruth
Nicholas,Jones,n_m@outlook.com,Michael
Ava,Alexander,ava_lee_alexander@outlook.com,Lee
Emma,Harris,emma.harris65@hotmail.com,Sue
Anna,Garcia,anna@live.com,Ann
Kimberly,Griffin,kimberly@yahoo.com,Irene
Rebecca,Price,rebecca_michelle_price@live.com,Michelle
James,Bell,jbell@outlook.com,George
Aubrey,Rogers,aubrey@live.com,Louise
Heather,Martin,h.martin@yahoo.com,Jean
John,Taylor,j_taylor@rocketmail.com,Lee
Nathan,Baker,nathan@hotmail.com,Scott
David,Jones,d.w87@rocketmail.com,Wayne
Nicholas,Thomas,nicholas_thomas@hotmail.com,Andrew
Matthew,Powell,matthew.powell@yahoo.com,Edward
Heather,Perez,heather79@gmail.com,Dawn
Aaron,Hayes,aaroneugenehayes@hotmail.com,Eugene
Patrick,Lee,patrickalee@rocketmail.com,Anthony
Brandon,Reed,b.t.reed@gmail.com,Thomas
Natalie,Watson,n_watson@live.com,Sue
Isabella,Rodriguez,isabella.rodriguez@hotmail.com,Nicole
Theodore,Butler,theodore_butler@hotmail.com,Alan
Kaitlyn,Thompson,k_s@live.com,Sue
Dylan,Lee,delee11@aol.com,Eugene
Sebastian,Moore,sebastiandavidmoore@yahoo.com,David
Jack,Henderson,j_henderson@yahoo.com,Michael
Joshua,Thompson,joshuathompson@live.com,Joseph
Charlotte,Phillips,charlotte_phillips@rocketmail.com,May
Brian,Butler,brian_butler@ymail.com,Wayne
Natalie,Collins,n_m@gmail.com,Marie
Gabriel,Martin,gabriel_w_martin@yahoo.com,Wayne
Courtney,Rodriguez,courtney_ann_rodriguez@hotmail.com,Ann
Brianna,Gonzales,b.m.gonzales@aol.com,Mary
Patrick,Richardson,patrick.richardson93@aol.com,Joseph
Zachary,Bennett,zachary@ymail.com,Michael
Michael,Bell,michaelandrewbell55@live.com,Andrew
Nathan,Davis,nhdavis@aol.com,Henry
Owen,Jones,owenjones@gmail.com,Scott
Sean,Green,sean_w_green@aol.com,Wayne
Jeremy,Simmons,j.r.simmons@hotmail.com,Ray
Claire,Robinson,clairerobinson@live.com,Grace
Charlotte,Wilson,c.j.wilson@gmail.com,Jean
Sophia,Gray,sophiagray@yahoo.com,Kay
Jessica,Ramirez,j.ramirez15@hotmail.com,Anne
Heather,Thomas,hthomas@ymail.com,Louise
Samuel,Lopez,samuellopez37@outlook.com,Alan
Mark,Adams,m_adams15@aol.com,Michael
Joshua,Kelly,j_t_kelly@ymail.com,Thomas
Owen,Harris,owen_charles_harris5@hotmail.com,Charles
Thomas,Brown,thbrown@ymail.com,Henry
James,Washington,j_washington8@hotmail.com,Richard
Victoria,Diaz,victoria_may_diaz@yahoo.com,May
Haley,Lewis,h_lewis@rocketmail.com,Jane
Aubrey,Henderson,ahenderson@hotmail.com,Faith
Emma,Anderson,emmaanderson@live.com,Lou
Sean,Hayes,sean_richard_hayes96@yahoo.com,Richard
Jose,Bryant,j_a_bryant43@rocketmail.com,Alexander
David,Parker,d.w.parker@outlook.com,Wayne
Jeremy,Mitchell,j.f.mitchell@gmail.com,Francis
Amber,Davis,adavis15@ymail.com,Louise
Jose,Ross,jose.ross@aol.com,Alan
Tiffany,Sanders,t.m.sanders@outlook.com,May
Lauren,Powell,lpowell@live.com,Marie
Christina,Smith,c.l98@yahoo.com,Louise
Evelyn,Smith,evelyn_ann_smith8@outlook.com,Ann
Audrey,Jenkins,audrey_r_jenkins98@outlook.com,Renee
Nicole,Carter,nicolecarter@yahoo.com,Lee
Amber,White,alwhite@hotmail.com,Lou
Owen,Gonzales,owen.lee@rocketmail.com,Lee
Hannah,Butler,hlbutler@aol.com,Lee
Melissa,Sanders,melissasanders@aol.com,Jean
Kimberly,Ramirez,kimberlyreneeramirez@ymail.com,Renee
Ava,Gray,avagray@yahoo.com,Kay
Samuel,Smith,sssmith@yahoo.com,Scott
Gabriel,Foster,g.foster@rocketmail.com,John
Jason,Phillips,j_s_phillips20@outlook.com,Scott
Samantha,Evans,samanthaevans@ymail.com,Mary
Adam,Cook,aacook@gmail.com,Alexander
Mateo,Moore,mateomoore@outlook.com,Anthony
Joseph,Jackson,josephajackson@gmail.com,Anthony
Dylan,Lewis,d_j78@gmail.com,James
Evelyn,Morris,evelyn.r.morris77@ymail.com,Renee
Dylan,Wood,dylan_wood@gmail.com,Robert
Brittany,Cook,brittanycook@aol.com,Louise
Katherine,Scott,katherine.dawn.scott2@gmail.com,Dawn
Alexander,Clark,alexanderrichardclark35@ymail.com,Richard
Ethan,Kelly,ethanmkelly@rocketmail.com,Michael
Steven,Jones,s_m_jones@gmail.com,Matthew
Amelia,Jones,amelia_jones@rocketmail.com,Grace
Mark,Rogers,m_rogers@hotmail.com,Henry
Michael,Wilson,michaelwilson@aol.com,Robert
Sean,Roberts,seanroberts@live.com,Allen
Laura,Young,ls@yahoo.com,Sue
Courtney,Peterson,cpeterson@live.com,Ruth
Amelia,Foster,amelia_may_foster@outlook.com,May
Sarah,Bryant,s_j_bryant@live.com,Jane
Eric,Bennett,eric_w_bennett@hotmail.com,Wayne
Mateo,Flores,mateo_w_flores@hotmail.com,Wayne
Andrew,Patterson,andrew_a11@hotmail.com,Alexander
Nicholas,Bennett,n.l.bennett@aol.com,Lee
Courtney,Parker,c_e_parker@yahoo.com,Elizabeth
Rebecca,Jackson,r_jackson@yahoo.com,Jane
Joshua,Turner,joshuajosephturner@yahoo.com,Joseph
Abigail,Thomas,a_m@hotmail.com,Michelle
Mateo,Thomas,mthomas@ymail.com,Robert
Tyler,Hayes,tyler_hayes@yahoo.com,Scott
Kimberly,Perry,kimberly_perry@rocketmail.com,Elizabeth
Julian,Price,julian.price@hotmail.com,Ray
Stephen,Flores,s.flores74@gmail.com,Alexander
Amber,Brooks,a.brooks@hotmail.com,Ann
